2018,10,1,Ventspils Masti,4,Ventspils Trubas,6,
2018,10,1,Pociema Peles,1,Blomu Bites,1,*
2018,10,2,Gaujas Vanagi,4,Daugavas Laivas,1,
2018,10,2,Ventas Vistas,3,Jelgavas Cukurbietes,1,
2018,10,2,Piltenes Panki,4,Krustpils Krusti,1,
2018,10,2,Saldus Saule,3,Codes Zebiekstes,0,
2018,10,2,Ogres Zirgi,0,Baisie Bebri,2,
2018,10,2,Lielupes Liedags,3,Auzu Motors,4,*
2018,10,2,Cirvja Metode,2,Madlienas Marmors,4,
2018,10,2,Madonas Miesnieki,0,Ventspils Trubas,2,
2018,10,2,Kreisie Reisi,2,Valmieras Stikls,0,
2018,10,2,Akmens Sirds,2,Koka Roka,1,*
2018,10,2,Pociema Peles,1,Bauskas Pilsdrupas,2,*
2018,10,2,Tukuma Traktori,3,Engures Enkurs,5,
2018,10,4,Jelgavas Cukurbietes,0,Piltenes Panki,4,
2018,10,4,Kreisie Reisi,3,Koka Roka,2,*
2018,10,4,Rojas Zivju Fabrika,1,Engures Enkurs,7,
2018,10,5,Ventspils Trubas,3,Baisie Bebri,2,
2018,10,5,Saldus Saule,2,Pociema Peles,1,
2018,10,5,Siguldas Alas,3,Valmieras Stikls,2,
2018,10,5,Madonas Miesnieki,0,Akmens Sirds,4,
2018,10,6,Kreisie Reisi,2,Auzu Motors,4,
2018,10,6,Siguldas Alas,1,Piltenes Panki,2,
2018,10,6,Koka Roka,4,Tukuma Traktori,1,
2018,10,6,Krustpils Krusti,1,Blomu Bites,2,
2018,10,6,Rojas Zivju Fabrika,4,Bauskas Pilsdrupas,5,*
2018,10,7,Jelgavas Cukurbietes,3,Saldus Saule,4,
2018,10,7,Ventspils Masti,7,Gaujas Vanagi,5,
2018,10,7,Ventas Vistas,2,Codes Zebiekstes,0,
2018,10,7,Kreisie Reisi,5,Madlienas Marmors,2,
2018,10,7,Baisie Bebri,7,Daugavas Laivas,1,
2018,10,7,Blomu Bites,2,Engures Enkurs,3,*
2018,10,8,Lielupes Liedags,3,Ogres Zirgi,2,
2018,10,8,Ventas Vistas,1,Pociema Peles,3,
2018,10,8,Siguldas Alas,3,Ventspils Masti,3,*
2018,10,8,Akmens Sirds,3,Rojas Zivju Fabrika,3,*
2018,10,8,Krustpils Krusti,4,Tukuma Traktori,1,
2018,10,8,Ventspils Trubas,0,Madonas Miesnieki,3,
2018,10,9,Ogres Zirgi,5,Daugavas Laivas,5,*
2018,10,9,Codes Zebiekstes,1,Jelgavas Cukurbietes,1,*
2018,10,9,Piltenes Panki,3,Saldus Saule,4,
2018,10,9,Krustpils Krusti,1,Bauskas Pilsdrupas,4,
2018,10,9,Kreisie Reisi,2,Lielupes Liedags,2,*
2018,10,9,Baisie Bebri,2,Auzu Motors,2,*
2018,10,9,Madlienas Marmors,0,Gaujas Vanagi,1,*
2018,10,9,Ventspils Trubas,3,Engures Enkurs,2,*
2018,10,9,Koka Roka,4,Blomu Bites,2,
2018,10,10,Siguldas Alas,2,Cirvja Metode,4,
2018,10,10,Akmens Sirds,2,Pociema Peles,4,
2018,10,10,Valmieras Stikls,3,Rojas Zivju Fabrika,3,*
2018,10,11,Siguldas Alas,3,Jelgavas Cukurbietes,3,*
2018,10,11,Gaujas Vanagi,2,Saldus Saule,2,*
2018,10,11,Ventas Vistas,3,Tukuma Traktori,3,*
2018,10,11,Engures Enkurs,3,Madonas Miesnieki,5,
2018,10,11,Akmens Sirds,2,Ogres Zirgi,2,*
2018,10,11,Pociema Peles,4,Cirvja Metode,2,
2018,10,11,Valmieras Stikls,4,Piltenes Panki,2,
2018,10,12,Auzu Motors,2,Krustpils Krusti,1,*
2018,10,12,Codes Zebiekstes,4,Lielupes Liedags,5,*
2018,10,13,Koka Roka,2,Baisie Bebri,4,
2018,10,13,Madonas Miesnieki,2,Gaujas Vanagi,3,
2018,10,13,Auzu Motors,2,Piltenes Panki,3,
2018,10,13,Engures Enkurs,2,Ventspils Trubas,0,
2018,10,13,Jelgavas Cukurbietes,1,Siguldas Alas,2,*
2018,10,13,Ventas Vistas,3,Blomu Bites,3,*
2018,10,13,Tukuma Traktori,4,Bauskas Pilsdrupas,3,
2018,10,14,Daugavas Laivas,2,Cirvja Metode,0,
2018,10,14,Ventspils Masti,5,Pociema Peles,2,
2018,10,14,Krustpils Krusti,5,Codes Zebiekstes,4,*
2018,10,14,Engures Enkurs,5,Valmieras Stikls,1,
2018,10,14,Saldus Saule,3,Akmens Sirds,4,
2018,10,15,Jelgavas Cukurbietes,2,Ventspils Trubas,2,*
2018,10,15,Madonas Miesnieki,3,Madlienas Marmors,2,*
2018,10,15,Piltenes Panki,2,Rojas Zivju Fabrika,1,*
2018,10,15,Kreisie Reisi,4,Tukuma Traktori,1,
2018,10,15,Ventas Vistas,4,Bauskas Pilsdrupas,1,
2018,10,16,Ogres Zirgi,1,Krustpils Krusti,2,
2018,10,16,Piltenes Panki,2,Koka Roka,4,
2018,10,16,Engures Enkurs,3,Lielupes Liedags,2,
2018,10,16,Codes Zebiekstes,2,Baisie Bebri,3,
2018,10,16,Madonas Miesnieki,2,Auzu Motors,3,
2018,10,16,Cirvja Metode,1,Gaujas Vanagi,4,
2018,10,16,Rojas Zivju Fabrika,3,Ventspils Masti,3,*
2018,10,16,Daugavas Laivas,4,Madlienas Marmors,4,*
2018,10,16,Ventspils Trubas,2,Valmieras Stikls,3,*
2018,10,16,Kreisie Reisi,4,Blomu Bites,5,
2018,10,16,Saldus Saule,1,Siguldas Alas,3,
2018,10,16,Bauskas Pilsdrupas,4,Tukuma Traktori,4,*
2018,10,16,Jelgavas Cukurbietes,1,Akmens Sirds,2,*
2018,10,17,Daugavas Laivas,1,Pociema Peles,4,
2018,10,17,Ogres Zirgi,2,Codes Zebiekstes,5,
2018,10,18,Cirvja Metode,4,Krustpils Krusti,2,
2018,10,19,Madonas Miesnieki,7,Lielupes Liedags,1,
2018,10,19,Bauskas Pilsdrupas,6,Madlienas Marmors,5,
2018,10,19,Engures Enkurs,2,Pociema Peles,1,
2018,10,19,Tukuma Traktori,1,Koka Roka,7,
2018,10,20,Valmieras Stikls,4,Ogres Zirgi,3,
2018,10,20,Engures Enkurs,3,Baisie Bebri,6,
2018,10,20,Bauskas Pilsdrupas,2,Auzu Motors,5,
2018,10,20,Siguldas Alas,2,Krustpils Krusti,1,
2018,10,20,Pociema Peles,0,Codes Zebiekstes,5,
2018,10,20,Ventas Vistas,3,Piltenes Panki,3,*
2018,10,20,Blomu Bites,1,Ventspils Trubas,2,
2018,10,20,Jelgavas Cukurbietes,2,Kreisie Reisi,2,*
2018,10,21,Siguldas Alas,1,Saldus Saule,4,
2018,10,21,Blomu Bites,2,Koka Roka,3,
2018,10,21,Madonas Miesnieki,5,Rojas Zivju Fabrika,5,*
2018,10,22,Ventas Vistas,3,Ogres Zirgi,7,
2018,10,22,Tukuma Traktori,3,Auzu Motors,2,
2018,10,22,Codes Zebiekstes,2,Pociema Peles,0,
2018,10,22,Gaujas Vanagi,1,Ventspils Trubas,2,*
2018,10,22,Akmens Sirds,6,Kreisie Reisi,3,
2018,10,23,Siguldas Alas,3,Daugavas Laivas,2,*
2018,10,23,Bauskas Pilsdrupas,2,Cirvja Metode,2,*
2018,10,23,Ogres Zirgi,0,Saldus Saule,4,
2018,10,23,Krustpils Krusti,2,Piltenes Panki,3,
2018,10,23,Ventas Vistas,3,Ventspils Masti,2,*
2018,10,23,Tukuma Traktori,1,Madlienas Marmors,2,*
2018,10,23,Baisie Bebri,1,Rojas Zivju Fabrika,0,*
2018,10,23,Blomu Bites,3,Valmieras Stikls,4,
2018,10,23,Gaujas Vanagi,1,Koka Roka,3,
2018,10,23,Lielupes Liedags,2,Akmens Sirds,2,*
2018,10,23,Jelgavas Cukurbietes,3,Engures Enkurs,1,
2018,10,24,Bauskas Pilsdrupas,3,Pociema Peles,0,
2018,10,24,Auzu Motors,0,Codes Zebiekstes,2,
2018,10,24,Jelgavas Cukurbietes,3,Madonas Miesnieki,2,*
2018,10,24,Engures Enkurs,3,Kreisie Reisi,4,
2018,10,25,Ventspils Trubas,0,Piltenes Panki,4,
2018,10,26,Tukuma Traktori,1,Daugavas Laivas,2,
2018,10,26,Bauskas Pilsdrupas,5,Codes Zebiekstes,2,
2018,10,26,Akmens Sirds,1,Blomu Bites,3,
2018,10,26,Lielupes Liedags,2,Kreisie Reisi,5,
2018,10,27,Madlienas Marmors,3,Ogres Zirgi,4,
2018,10,27,Siguldas Alas,3,Baisie Bebri,5,
2018,10,27,Cirvja Metode,3,Auzu Motors,6,
2018,10,27,Rojas Zivju Fabrika,1,Krustpils Krusti,0,*
2018,10,27,Koka Roka,1,Gaujas Vanagi,2,*
2018,10,27,Daugavas Laivas,0,Piltenes Panki,4,
2018,10,27,Ventspils Masti,1,Madonas Miesnieki,2,*
2018,10,28,Madlienas Marmors,3,Jelgavas Cukurbietes,7,
2018,10,28,Tukuma Traktori,4,Saldus Saule,3,
2018,10,28,Siguldas Alas,4,Codes Zebiekstes,5,*
2018,10,28,Ventspils Masti,3,Kreisie Reisi,5,
2018,10,28,Valmieras Stikls,2,Engures Enkurs,3,
2018,10,28,Akmens Sirds,4,Bauskas Pilsdrupas,1,
2018,10,29,Auzu Motors,2,Ogres Zirgi,3,*
2018,10,29,Rojas Zivju Fabrika,4,Baisie Bebri,2,
2018,10,29,Gaujas Vanagi,4,Ventas Vistas,2,
2018,10,29,Lielupes Liedags,2,Madonas Miesnieki,5,
2018,10,30,Akmens Sirds,5,Siguldas Alas,3,
2018,10,30,Ogres Zirgi,0,Jelgavas Cukurbietes,3,
2018,10,30,Pociema Peles,2,Krustpils Krusti,2,*
2018,10,30,Ventas Vistas,4,Cirvja Metode,0,
2018,10,30,Auzu Motors,0,Saldus Saule,5,
2018,10,30,Gaujas Vanagi,3,Codes Zebiekstes,5,
2018,10,30,Tukuma Traktori,1,Piltenes Panki,2,*
2018,10,30,Kreisie Reisi,3,Rojas Zivju Fabrika,1,
2018,10,30,Madlienas Marmors,2,Ventspils Trubas,1,*
2018,10,30,Baisie Bebri,4,Koka Roka,5,*
2018,10,30,Valmieras Stikls,1,Bauskas Pilsdrupas,4,
2018,10,30,Ventspils Masti,1,Engures Enkurs,1,*
2018,10,31,Saldus Saule,6,Daugavas Laivas,4,
2018,10,31,Akmens Sirds,3,Madonas Miesnieki,0,
2018,10,31,Valmieras Stikls,2,Blomu Bites,4,
2018,10,31,Lielupes Liedags,1,Engures Enkurs,2,*
2018,11,2,Kreisie Reisi,5,Ventspils Masti,4,*
2018,11,3,Saldus Saule,1,Lielupes Liedags,3,
2018,11,3,Madlienas Marmors,1,Daugavas Laivas,4,
2018,11,3,Piltenes Panki,6,Ventas Vistas,0,
2018,11,3,Ogres Zirgi,3,Ventspils Trubas,1,
2018,11,3,Kreisie Reisi,1,Baisie Bebri,1,*
2018,11,3,Krustpils Krusti,2,Gaujas Vanagi,3,
2018,11,3,Cirvja Metode,3,Pociema Peles,3,*
2018,11,3,Valmieras Stikls,4,Tukuma Traktori,5,
2018,11,3,Koka Roka,0,Siguldas Alas,5,
2018,11,3,Auzu Motors,2,Blomu Bites,2,*
2018,11,3,Codes Zebiekstes,3,Madonas Miesnieki,3,*
2018,11,3,Akmens Sirds,3,Engures Enkurs,6,
2018,11,4,Gaujas Vanagi,1,Jelgavas Cukurbietes,3,
2018,11,4,Krustpils Krusti,1,Cirvja Metode,2,
2018,11,4,Ventspils Masti,1,Saldus Saule,2,*
2018,11,4,Ogres Zirgi,5,Rojas Zivju Fabrika,4,*
2018,11,5,Piltenes Panki,3,Lielupes Liedags,5,
2018,11,5,Ventas Vistas,2,Baisie Bebri,3,
2018,11,5,Rojas Zivju Fabrika,3,Valmieras Stikls,1,
2018,11,5,Pociema Peles,1,Siguldas Alas,4,
2018,11,5,Koka Roka,2,Blomu Bites,1,
2018,11,5,Ventspils Trubas,6,Akmens Sirds,4,
2018,11,5,Auzu Motors,2,Bauskas Pilsdrupas,3,
2018,11,5,Codes Zebiekstes,3,Engures Enkurs,1,
2018,11,6,Daugavas Laivas,2,Jelgavas Cukurbietes,4,
2018,11,6,Cirvja Metode,1,Ogres Zirgi,2,*
2018,11,6,Piltenes Panki,3,Gaujas Vanagi,3,*
2018,11,6,Krustpils Krusti,1,Saldus Saule,2,
2018,11,6,Madlienas Marmors,7,Ventspils Masti,4,
2018,11,6,Auzu Motors,6,Tukuma Traktori,3,
2018,11,6,Codes Zebiekstes,5,Kreisie Reisi,3,
2018,11,6,Ventspils Trubas,1,Engures Enkurs,2,
2018,11,7,Lielupes Liedags,2,Ventas Vistas,3,
2018,11,7,Baisie Bebri,2,Madlienas Marmors,3,
2018,11,7,Pociema Peles,3,Rojas Zivju Fabrika,1,
2018,11,7,Blomu Bites,1,Madonas Miesnieki,3,
2018,11,7,Koka Roka,6,Bauskas Pilsdrupas,1,
2018,11,9,Madlienas Marmors,1,Lielupes Liedags,2,
2018,11,9,Codes Zebiekstes,1,Gaujas Vanagi,2,*
2018,11,9,Madonas Miesnieki,2,Piltenes Panki,0,
2018,11,9,Ventspils Trubas,5,Koka Roka,2,
2018,11,9,Engures Enkurs,4,Bauskas Pilsdrupas,4,*
2018,11,9,Blomu Bites,1,Kreisie Reisi,1,*
2018,11,10,Jelgavas Cukurbietes,2,Ogres Zirgi,6,
2018,11,10,Cirvja Metode,2,Ventas Vistas,0,
2018,11,10,Daugavas Laivas,1,Auzu Motors,4,
2018,11,10,Saldus Saule,4,Pociema Peles,3,
2018,11,10,Krustpils Krusti,4,Ventspils Masti,5,*
2018,11,10,Valmieras Stikls,4,Rojas Zivju Fabrika,2,
2018,11,10,Baisie Bebri,4,Ventspils Trubas,2,
2018,11,10,Engures Enkurs,3,Tukuma Traktori,4,
2018,11,10,Blomu Bites,4,Akmens Sirds,5,
2018,11,11,Piltenes Panki,3,Jelgavas Cukurbietes,4,
2018,11,11,Valmieras Stikls,2,Saldus Saule,1,*
2018,11,11,Pociema Peles,5,Lielupes Liedags,4,
2018,11,11,Madonas Miesnieki,1,Krustpils Krusti,2,*
2018,11,11,Ventas Vistas,1,Codes Zebiekstes,4,
2018,11,11,Siguldas Alas,2,Kreisie Reisi,5,
2018,11,12,Ventspils Masti,2,Baisie Bebri,3,*
2018,11,12,Daugavas Laivas,1,Gaujas Vanagi,5,
2018,11,12,Ogres Zirgi,2,Madlienas Marmors,4,
2018,11,12,Blomu Bites,2,Koka Roka,2,*
2018,11,12,Cirvja Metode,0,Rojas Zivju Fabrika,5,
2018,11,12,Bauskas Pilsdrupas,3,Akmens Sirds,2,
2018,11,13,Engures Enkurs,2,Codes Zebiekstes,3,*
2018,11,13,Daugavas Laivas,2,Krustpils Krusti,4,
2018,11,13,Koka Roka,5,Cirvja Metode,3,
2018,11,13,Madonas Miesnieki,2,Saldus Saule,4,
2018,11,13,Baisie Bebri,1,Piltenes Panki,1,*
2018,11,13,Gaujas Vanagi,2,Lielupes Liedags,4,
2018,11,13,Madlienas Marmors,2,Ventas Vistas,4,
2018,11,13,Ogres Zirgi,1,Auzu Motors,3,
2018,11,13,Jelgavas Cukurbietes,5,Pociema Peles,2,
2018,11,13,Valmieras Stikls,2,Ventspils Masti,6,
2018,11,13,Siguldas Alas,5,Tukuma Traktori,2,
2018,11,14,Blomu Bites,6,Rojas Zivju Fabrika,3,
2018,11,14,Kreisie Reisi,3,Akmens Sirds,2,
2018,11,15,Madonas Miesnieki,3,Baisie Bebri,6,
2018,11,15,Engures Enkurs,2,Piltenes Panki,4,
2018,11,15,Siguldas Alas,2,Bauskas Pilsdrupas,2,*
2018,11,16,Engures Enkurs,4,Krustpils Krusti,1,
2018,11,16,Ogres Zirgi,2,Ventspils Masti,3,*
2018,11,16,Tukuma Traktori,1,Akmens Sirds,2,
2018,11,16,Rojas Zivju Fabrika,2,Kreisie Reisi,3,*
2018,11,17,Ventspils Trubas,2,Lielupes Liedags,2,*
2018,11,17,Madlienas Marmors,4,Daugavas Laivas,5,*
2018,11,17,Saldus Saule,1,Ventas Vistas,2,
2018,11,17,Jelgavas Cukurbietes,2,Gaujas Vanagi,2,*
2018,11,17,Koka Roka,3,Piltenes Panki,2,
2018,11,17,Auzu Motors,2,Siguldas Alas,1,
2018,11,17,Baisie Bebri,7,Bauskas Pilsdrupas,2,
2018,11,17,Tukuma Traktori,1,Madonas Miesnieki,2,
2018,11,18,Pociema Peles,3,Jelgavas Cukurbietes,5,
2018,11,18,Engures Enkurs,4,Saldus Saule,1,
2018,11,18,Ventspils Trubas,1,Codes Zebiekstes,1,*
2018,11,18,Ventspils Masti,1,Madlienas Marmors,2,*
2018,11,18,Krustpils Krusti,1,Valmieras Stikls,6,
2018,11,18,Auzu Motors,0,Koka Roka,3,
2018,11,18,Akmens Sirds,3,Kreisie Reisi,2,*
2018,11,19,Ventas Vistas,3,Lielupes Liedags,3,*
2018,11,19,Ogres Zirgi,4,Daugavas Laivas,0,
2018,11,19,Baisie Bebri,1,Tukuma Traktori,3,
2018,11,19,Cirvja Metode,3,Siguldas Alas,2,*
2018,11,19,Rojas Zivju Fabrika,2,Madonas Miesnieki,4,
2018,11,20,Saldus Saule,1,Gaujas Vanagi,3,
2018,11,20,Lielupes Liedags,3,Jelgavas Cukurbietes,0,
2018,11,20,Daugavas Laivas,3,Ogres Zirgi,4,
2018,11,20,Madlienas Marmors,1,Codes Zebiekstes,4,
2018,11,20,Pociema Peles,3,Piltenes Panki,4,
2018,11,20,Ventspils Trubas,0,Ventas Vistas,1,
2018,11,20,Ventspils Masti,1,Auzu Motors,2,
2018,11,20,Bauskas Pilsdrupas,3,Valmieras Stikls,1,
2018,11,20,Engures Enkurs,1,Koka Roka,1,*
2018,11,20,Krustpils Krusti,5,Kreisie Reisi,3,
2018,11,20,Baisie Bebri,1,Blomu Bites,2,
2018,11,20,Rojas Zivju Fabrika,1,Akmens Sirds,3,
2018,11,21,Cirvja Metode,4,Blomu Bites,4,*
2018,11,22,Bauskas Pilsdrupas,3,Daugavas Laivas,6,
2018,11,22,Jelgavas Cukurbietes,2,Ventas Vistas,1,
2018,11,22,Codes Zebiekstes,1,Madlienas Marmors,4,
2018,11,22,Valmieras Stikls,2,Koka Roka,3,
2018,11,22,Siguldas Alas,3,Ventspils Trubas,2,*
2018,11,22,Krustpils Krusti,2,Madonas Miesnieki,1,
2018,11,23,Piltenes Panki,1,Ventspils Masti,3,
2018,11,23,Cirvja Metode,2,Tukuma Traktori,3,*
2018,11,23,Kreisie Reisi,6,Siguldas Alas,2,
2018,11,23,Krustpils Krusti,3,Engures Enkurs,2,*
2018,11,24,Lielupes Liedags,2,Ogres Zirgi,5,
2018,11,24,Bauskas Pilsdrupas,1,Ventas Vistas,1,*
2018,11,24,Koka Roka,2,Baisie Bebri,4,
2018,11,24,Codes Zebiekstes,6,Auzu Motors,1,
2018,11,24,Pociema Peles,6,Madlienas Marmors,3,
2018,11,24,Jelgavas Cukurbietes,5,Valmieras Stikls,2,
2018,11,24,Kreisie Reisi,2,Ventspils Trubas,3,*
2018,11,24,Rojas Zivju Fabrika,3,Blomu Bites,2,*
2018,11,24,Gaujas Vanagi,2,Madonas Miesnieki,1,*
2018,11,25,Saldus Saule,6,Daugavas Laivas,3,
2018,11,25,Rojas Zivju Fabrika,1,Tukuma Traktori,2,*
2018,11,25,Gaujas Vanagi,2,Akmens Sirds,4,
2018,11,26,Bauskas Pilsdrupas,2,Jelgavas Cukurbietes,2,*
2018,11,26,Piltenes Panki,2,Codes Zebiekstes,3,
2018,11,26,Madonas Miesnieki,4,Ventspils Trubas,2,
2018,11,26,Koka Roka,2,Ogres Zirgi,0,
2018,11,26,Valmieras Stikls,0,Lielupes Liedags,1,*
2018,11,26,Blomu Bites,2,Baisie Bebri,4,
2018,11,26,Pociema Peles,2,Auzu Motors,6,
2018,11,26,Saldus Saule,0,Ventspils Masti,5,
2018,11,26,Ventas Vistas,3,Madlienas Marmors,3,*
2018,11,26,Siguldas Alas,0,Akmens Sirds,7,
2018,11,27,Engures Enkurs,1,Kreisie Reisi,4,
2018,11,27,Bauskas Pilsdrupas,1,Krustpils Krusti,2,
2018,11,27,Lielupes Liedags,4,Cirvja Metode,3,
2018,11,27,Blomu Bites,2,Piltenes Panki,5,
2018,11,27,Ventspils Masti,3,Ventas Vistas,5,
2018,11,27,Daugavas Laivas,0,Auzu Motors,3,
2018,11,27,Madonas Miesnieki,4,Valmieras Stikls,3,*
2018,11,27,Rojas Zivju Fabrika,3,Koka Roka,8,
2018,11,27,Tukuma Traktori,1,Siguldas Alas,7,
2018,11,28,Codes Zebiekstes,3,Saldus Saule,3,*
2018,11,28,Akmens Sirds,4,Baisie Bebri,3,*
2018,11,28,Ogres Zirgi,3,Madlienas Marmors,2,*
2018,11,28,Ventspils Trubas,4,Daugavas Laivas,2,
2018,11,28,Cirvja Metode,2,Jelgavas Cukurbietes,1,
2018,11,28,Gaujas Vanagi,3,Engures Enkurs,4,
2018,11,29,Lielupes Liedags,1,Piltenes Panki,3,
2018,11,30,Rojas Zivju Fabrika,1,Saldus Saule,2,*
2018,11,30,Ventspils Masti,4,Ogres Zirgi,1,
2018,11,30,Tukuma Traktori,3,Ventas Vistas,4,*
2018,11,30,Ventspils Trubas,2,Cirvja Metode,1,
2018,11,30,Akmens Sirds,6,Valmieras Stikls,3,
2018,11,30,Siguldas Alas,4,Bauskas Pilsdrupas,2,
2018,12,1,Engures Enkurs,2,Baisie Bebri,4,
2018,12,1,Ventspils Trubas,3,Krustpils Krusti,2,*
2018,12,1,Pociema Peles,2,Gaujas Vanagi,3,*
2018,12,1,Siguldas Alas,1,Blomu Bites,3,
2018,12,1,Madlienas Marmors,4,Madonas Miesnieki,2,
2018,12,2,Codes Zebiekstes,4,Ogres Zirgi,2,
2018,12,2,Jelgavas Cukurbietes,2,Lielupes Liedags,2,*
2018,12,2,Piltenes Panki,2,Ventas Vistas,2,*
2018,12,2,Tukuma Traktori,5,Cirvja Metode,0,
2018,12,2,Engures Enkurs,5,Ventspils Masti,2,
2018,12,2,Valmieras Stikls,1,Koka Roka,3,
2018,12,2,Madlienas Marmors,1,Akmens Sirds,3,
2018,12,2,Blomu Bites,2,Bauskas Pilsdrupas,3,*
2018,12,3,Auzu Motors,1,Daugavas Laivas,2,
2018,12,3,Saldus Saule,4,Gaujas Vanagi,7,
2018,12,3,Krustpils Krusti,2,Pociema Peles,3,*
2018,12,3,Baisie Bebri,7,Rojas Zivju Fabrika,4,
2018,12,3,Kreisie Reisi,1,Madonas Miesnieki,1,*
2018,12,4,Rojas Zivju Fabrika,9,Jelgavas Cukurbietes,3,
2018,12,4,Pociema Peles,1,Ogres Zirgi,1,*
2018,12,4,Codes Zebiekstes,3,Krustpils Krusti,2,
2018,12,4,Daugavas Laivas,4,Cirvja Metode,3,*
2018,12,4,Ventspils Trubas,3,Saldus Saule,1,
2018,12,4,Ventspils Masti,2,Piltenes Panki,3,*
2018,12,4,Lielupes Liedags,1,Auzu Motors,2,
2018,12,4,Tukuma Traktori,4,Gaujas Vanagi,2,
2018,12,4,Baisie Bebri,1,Valmieras Stikls,4,
2018,12,4,Engures Enkurs,2,Koka Roka,4,
2018,12,4,Ventas Vistas,1,Siguldas Alas,3,
2018,12,4,Madonas Miesnieki,2,Akmens Sirds,1,*
2018,12,4,Bauskas Pilsdrupas,2,Blomu Bites,3,*
2018,12,4,Madlienas Marmors,3,Kreisie Reisi,3,*
2018,12,5,Koka Roka,2,Codes Zebiekstes,3,
2018,12,6,Valmieras Stikls,4,Daugavas Laivas,3,*
2018,12,6,Tukuma Traktori,2,Pociema Peles,3,*
2018,12,6,Ogres Zirgi,2,Piltenes Panki,3,
2018,12,6,Blomu Bites,1,Rojas Zivju Fabrika,5,
2018,12,6,Akmens Sirds,3,Ventspils Trubas,2,
2018,12,6,Bauskas Pilsdrupas,2,Siguldas Alas,5,
2018,12,6,Madlienas Marmors,3,Engures Enkurs,3,*
2018,12,7,Cirvja Metode,2,Lielupes Liedags,4,
2018,12,7,Tukuma Traktori,3,Krustpils Krusti,3,*
2018,12,7,Ventspils Masti,1,Gaujas Vanagi,2,
2018,12,7,Ventas Vistas,4,Koka Roka,2,
2018,12,8,Saldus Saule,0,Ogres Zirgi,0,*
2018,12,8,Valmieras Stikls,3,Baisie Bebri,6,
2018,12,8,Blomu Bites,1,Pociema Peles,2,
2018,12,8,Ventas Vistas,1,Ventspils Trubas,2,
2018,12,8,Auzu Motors,6,Akmens Sirds,1,
2018,12,8,Bauskas Pilsdrupas,2,Madonas Miesnieki,2,*
2018,12,8,Daugavas Laivas,0,Kreisie Reisi,4,
2018,12,8,Siguldas Alas,2,Engures Enkurs,4,
2018,12,9,Blomu Bites,2,Jelgavas Cukurbietes,2,*
2018,12,9,Krustpils Krusti,4,Cirvja Metode,2,
2018,12,9,Piltenes Panki,2,Codes Zebiekstes,4,
2018,12,9,Lielupes Liedags,0,Ventspils Masti,3,
2018,12,9,Gaujas Vanagi,4,Rojas Zivju Fabrika,0,
2018,12,10,Rojas Zivju Fabrika,1,Ogres Zirgi,2,
2018,12,10,Kreisie Reisi,1,Baisie Bebri,3,
2018,12,10,Ventas Vistas,2,Madlienas Marmors,3,
2018,12,10,Koka Roka,4,Valmieras Stikls,2,
2018,12,10,Bauskas Pilsdrupas,2,Tukuma Traktori,3,*
2018,12,10,Auzu Motors,3,Ventspils Trubas,4,
2018,12,10,Siguldas Alas,2,Madonas Miesnieki,1,*
2018,12,10,Daugavas Laivas,1,Engures Enkurs,4,
2018,12,11,Blomu Bites,3,Gaujas Vanagi,1,
2018,12,11,Cirvja Metode,1,Saldus Saule,1,*
2018,12,11,Baisie Bebri,5,Jelgavas Cukurbietes,4,
2018,12,11,Kreisie Reisi,4,Krustpils Krusti,2,
2018,12,11,Codes Zebiekstes,4,Piltenes Panki,6,
2018,12,11,Akmens Sirds,2,Ventspils Masti,4,
2018,12,11,Auzu Motors,4,Valmieras Stikls,2,
2018,12,11,Ventspils Trubas,2,Koka Roka,4,
2018,12,12,Tukuma Traktori,2,Rojas Zivju Fabrika,1,
2018,12,12,Daugavas Laivas,1,Madonas Miesnieki,4,
2018,12,12,Siguldas Alas,3,Bauskas Pilsdrupas,2,*
2018,12,13,Akmens Sirds,0,Jelgavas Cukurbietes,2,
2018,12,13,Krustpils Krusti,1,Lielupes Liedags,0,*
2018,12,13,Saldus Saule,3,Piltenes Panki,1,
2018,12,14,Kreisie Reisi,1,Gaujas Vanagi,7,
2018,12,14,Blomu Bites,4,Cirvja Metode,2,
2018,12,14,Jelgavas Cukurbietes,2,Ventspils Masti,4,
2018,12,14,Valmieras Stikls,4,Madlienas Marmors,4,*
2018,12,14,Tukuma Traktori,1,Koka Roka,1,*
2018,12,14,Codes Zebiekstes,1,Ogres Zirgi,3,
2018,12,14,Rojas Zivju Fabrika,5,Engures Enkurs,2,
2018,12,15,Kreisie Reisi,3,Pociema Peles,8,
2018,12,15,Lielupes Liedags,4,Daugavas Laivas,0,
2018,12,15,Ventspils Masti,6,Ventas Vistas,3,
2018,12,15,Blomu Bites,1,Baisie Bebri,5,
2018,12,15,Valmieras Stikls,2,Auzu Motors,3,
2018,12,15,Cirvja Metode,1,Piltenes Panki,5,
2018,12,15,Tukuma Traktori,1,Ventspils Trubas,5,
2018,12,15,Madonas Miesnieki,4,Siguldas Alas,2,
2018,12,16,Gaujas Vanagi,2,Krustpils Krusti,1,
2018,12,16,Akmens Sirds,3,Codes Zebiekstes,5,
2018,12,16,Saldus Saule,2,Bauskas Pilsdrupas,1,
2018,12,17,Auzu Motors,4,Ogres Zirgi,2,
2018,12,17,Jelgavas Cukurbietes,3,Daugavas Laivas,1,
2018,12,17,Siguldas Alas,2,Baisie Bebri,5,
2018,12,17,Lielupes Liedags,3,Pociema Peles,2,
2018,12,17,Ventspils Trubas,2,Blomu Bites,2,*
2018,12,17,Rojas Zivju Fabrika,0,Madonas Miesnieki,2,
2018,12,18,Saldus Saule,1,Tukuma Traktori,2,
2018,12,18,Ogres Zirgi,2,Cirvja Metode,2,*
2018,12,18,Madlienas Marmors,0,Codes Zebiekstes,4,
2018,12,18,Krustpils Krusti,1,Piltenes Panki,2,
2018,12,18,Daugavas Laivas,2,Ventas Vistas,4,
2018,12,18,Lielupes Liedags,4,Gaujas Vanagi,5,*
2018,12,18,Auzu Motors,5,Ventspils Masti,2,
2018,12,18,Siguldas Alas,2,Valmieras Stikls,2,*
2018,12,18,Jelgavas Cukurbietes,0,Koka Roka,4,
2018,12,18,Ventspils Trubas,4,Bauskas Pilsdrupas,2,
2018,12,18,Rojas Zivju Fabrika,8,Kreisie Reisi,4,
2018,12,19,Engures Enkurs,3,Akmens Sirds,4,*
2018,12,19,Gaujas Vanagi,3,Cirvja Metode,5,
2018,12,19,Madlienas Marmors,4,Pociema Peles,5,
2018,12,19,Valmieras Stikls,1,Codes Zebiekstes,1,*
2018,12,19,Baisie Bebri,1,Madonas Miesnieki,3,
2018,12,19,Saldus Saule,3,Blomu Bites,3,*
2018,12,20,Siguldas Alas,4,Ventas Vistas,2,
2018,12,20,Piltenes Panki,6,Auzu Motors,4,
2018,12,20,Ventspils Masti,1,Krustpils Krusti,5,
2018,12,20,Baisie Bebri,4,Engures Enkurs,3,
2018,12,21,Valmieras Stikls,3,Jelgavas Cukurbietes,1,
2018,12,21,Ventspils Masti,4,Cirvja Metode,0,
2018,12,21,Ogres Zirgi,3,Pociema Peles,1,
2018,12,21,Piltenes Panki,4,Madlienas Marmors,2,
2018,12,21,Ventspils Trubas,0,Tukuma Traktori,0,*
2018,12,21,Lielupes Liedags,2,Blomu Bites,6,
2018,12,21,Koka Roka,6,Akmens Sirds,0,
2018,12,22,Baisie Bebri,4,Ventas Vistas,1,
2018,12,22,Daugavas Laivas,3,Auzu Motors,3,*
2018,12,22,Codes Zebiekstes,2,Gaujas Vanagi,3,
2018,12,22,Lielupes Liedags,3,Bauskas Pilsdrupas,6,
2018,12,22,Akmens Sirds,8,Madonas Miesnieki,2,
2018,12,22,Kreisie Reisi,1,Engures Enkurs,2,*
2018,12,23,Krustpils Krusti,3,Jelgavas Cukurbietes,3,*
2018,12,23,Ventas Vistas,3,Saldus Saule,4,*
2018,12,23,Siguldas Alas,1,Ogres Zirgi,2,
2018,12,23,Pociema Peles,2,Cirvja Metode,4,
2018,12,23,Daugavas Laivas,4,Codes Zebiekstes,4,*
2018,12,23,Madlienas Marmors,3,Ventspils Masti,4,
2018,12,23,Gaujas Vanagi,1,Piltenes Panki,4,
2018,12,23,Koka Roka,2,Valmieras Stikls,2,*
2018,12,23,Ventspils Trubas,2,Rojas Zivju Fabrika,5,
2018,12,23,Blomu Bites,1,Tukuma Traktori,2,
2018,12,26,Gaujas Vanagi,3,Pociema Peles,3,*
2018,12,26,Madonas Miesnieki,1,Engures Enkurs,0,*
2018,12,26,Auzu Motors,3,Ventas Vistas,4,
2018,12,26,Madlienas Marmors,3,Daugavas Laivas,6,
2018,12,26,Ventspils Masti,4,Rojas Zivju Fabrika,2,
2018,12,26,Valmieras Stikls,3,Koka Roka,2,
2018,12,26,Tukuma Traktori,2,Bauskas Pilsdrupas,0,
2018,12,26,Akmens Sirds,3,Kreisie Reisi,2,
2018,12,27,Krustpils Krusti,4,Saldus Saule,4,*
2018,12,27,Codes Zebiekstes,5,Tukuma Traktori,1,
2018,12,27,Rojas Zivju Fabrika,2,Lielupes Liedags,2,*
2018,12,27,Daugavas Laivas,2,Baisie Bebri,3,*
2018,12,27,Ogres Zirgi,1,Gaujas Vanagi,4,
2018,12,27,Jelgavas Cukurbietes,0,Cirvja Metode,3,
2018,12,27,Auzu Motors,6,Madlienas Marmors,1,
2018,12,27,Madonas Miesnieki,1,Blomu Bites,4,
2018,12,27,Engures Enkurs,3,Ventspils Trubas,1,
2018,12,27,Koka Roka,1,Siguldas Alas,5,
2018,12,28,Baisie Bebri,7,Ogres Zirgi,2,
2018,12,28,Ventas Vistas,2,Valmieras Stikls,3,*
2018,12,28,Pociema Peles,2,Akmens Sirds,2,*
2018,12,29,Ventspils Masti,2,Lielupes Liedags,3,
2018,12,29,Saldus Saule,3,Krustpils Krusti,2,
2018,12,29,Jelgavas Cukurbietes,4,Gaujas Vanagi,5,
2018,12,29,Piltenes Panki,2,Cirvja Metode,1,
2018,12,29,Pociema Peles,3,Ventspils Trubas,4,
2018,12,29,Madonas Miesnieki,1,Tukuma Traktori,3,
2018,12,29,Kreisie Reisi,2,Siguldas Alas,4,
2018,12,29,Codes Zebiekstes,3,Bauskas Pilsdrupas,2,
2018,12,30,Jelgavas Cukurbietes,4,Saldus Saule,5,
2018,12,30,Cirvja Metode,3,Ventspils Masti,9,
2018,12,30,Daugavas Laivas,0,Valmieras Stikls,6,
2018,12,30,Engures Enkurs,1,Koka Roka,2,
2018,12,30,Auzu Motors,1,Rojas Zivju Fabrika,2,
2018,12,30,Blomu Bites,2,Kreisie Reisi,8,
2018,12,31,Rojas Zivju Fabrika,4,Baisie Bebri,4,*
2018,12,31,Madonas Miesnieki,4,Ventspils Trubas,5,
2019,1,1,Madlienas Marmors,5,Auzu Motors,7,
2019,1,1,Engures Enkurs,2,Valmieras Stikls,3,*
2019,1,1,Ventas Vistas,4,Daugavas Laivas,2,
2019,1,1,Gaujas Vanagi,2,Jelgavas Cukurbietes,2,*
2019,1,1,Piltenes Panki,1,Ogres Zirgi,8,
2019,1,1,Koka Roka,1,Lielupes Liedags,1,*
2019,1,1,Blomu Bites,5,Akmens Sirds,4,
2019,1,2,Codes Zebiekstes,4,Cirvja Metode,1,
2019,1,2,Bauskas Pilsdrupas,2,Tukuma Traktori,4,
2019,1,2,Pociema Peles,2,Krustpils Krusti,2,*
2019,1,2,Baisie Bebri,3,Ventspils Masti,4,*
2019,1,2,Engures Enkurs,4,Rojas Zivju Fabrika,1,
2019,1,3,Gaujas Vanagi,4,Saldus Saule,3,
2019,1,3,Koka Roka,5,Pociema Peles,2,
2019,1,3,Ogres Zirgi,2,Piltenes Panki,6,
2019,1,3,Kreisie Reisi,1,Ventspils Trubas,4,
2019,1,3,Blomu Bites,2,Siguldas Alas,2,*
2019,1,4,Daugavas Laivas,5,Ogres Zirgi,4,
2019,1,4,Krustpils Krusti,1,Lielupes Liedags,6,
2019,1,4,Saldus Saule,2,Ventas Vistas,1,
2019,1,4,Akmens Sirds,5,Baisie Bebri,2,
2019,1,4,Jelgavas Cukurbietes,7,Cirvja Metode,3,
2019,1,4,Kreisie Reisi,2,Koka Roka,2,*
2019,1,5,Piltenes Panki,2,Pociema Peles,3,*
2019,1,5,Gaujas Vanagi,3,Ventspils Masti,1,
2019,1,5,Valmieras Stikls,1,Ventspils Trubas,3,
2019,1,5,Tukuma Traktori,0,Siguldas Alas,4,
2019,1,5,Engures Enkurs,1,Blomu Bites,1,*
2019,1,5,Madlienas Marmors,3,Bauskas Pilsdrupas,3,*
2019,1,5,Auzu Motors,5,Madonas Miesnieki,1,
2019,1,6,Ventas Vistas,7,Jelgavas Cukurbietes,3,
2019,1,6,Gaujas Vanagi,6,Ogres Zirgi,3,
2019,1,6,Akmens Sirds,2,Saldus Saule,5,
2019,1,6,Lielupes Liedags,1,Daugavas Laivas,3,
2019,1,6,Valmieras Stikls,2,Baisie Bebri,5,
2019,1,6,Cirvja Metode,2,Codes Zebiekstes,3,*
2019,1,6,Krustpils Krusti,3,Koka Roka,4,*
2019,1,6,Tukuma Traktori,2,Rojas Zivju Fabrika,5,
2019,1,6,Auzu Motors,2,Kreisie Reisi,4,
2019,1,7,Madonas Miesnieki,4,Ventas Vistas,4,*
2019,1,7,Piltenes Panki,2,Ventspils Masti,5,
2019,1,7,Bauskas Pilsdrupas,3,Ventspils Trubas,1,
2019,1,7,Krustpils Krusti,1,Siguldas Alas,4,
2019,1,7,Madlienas Marmors,1,Blomu Bites,5,
2019,1,8,Cirvja Metode,5,Jelgavas Cukurbietes,2,
2019,1,8,Ogres Zirgi,7,Saldus Saule,4,
2019,1,8,Pociema Peles,5,Piltenes Panki,3,
2019,1,8,Daugavas Laivas,0,Lielupes Liedags,3,
2019,1,8,Madonas Miesnieki,3,Baisie Bebri,5,
2019,1,8,Akmens Sirds,3,Gaujas Vanagi,4,
2019,1,8,Rojas Zivju Fabrika,3,Valmieras Stikls,6,
2019,1,8,Bauskas Pilsdrupas,2,Koka Roka,4,
2019,1,8,Ventspils Masti,2,Codes Zebiekstes,6,
2019,1,8,Madlienas Marmors,2,Tukuma Traktori,3,
2019,1,8,Auzu Motors,4,Engures Enkurs,2,
2019,1,9,Pociema Peles,0,Ventas Vistas,1,*
2019,1,9,Siguldas Alas,3,Rojas Zivju Fabrika,5,
2019,1,10,Akmens Sirds,2,Cirvja Metode,2,*
2019,1,11,Piltenes Panki,3,Jelgavas Cukurbietes,2,
2019,1,11,Codes Zebiekstes,4,Ventas Vistas,3,
2019,1,11,Baisie Bebri,0,Krustpils Krusti,3,
2019,1,11,Gaujas Vanagi,6,Madlienas Marmors,5,
2019,1,11,Valmieras Stikls,2,Siguldas Alas,4,
2019,1,11,Ventspils Trubas,3,Blomu Bites,2,
2019,1,11,Saldus Saule,4,Kreisie Reisi,3,
2019,1,11,Koka Roka,5,Engures Enkurs,2,
2019,1,12,Lielupes Liedags,5,Daugavas Laivas,2,
2019,1,12,Cirvja Metode,3,Auzu Motors,4,*
2019,1,12,Bauskas Pilsdrupas,2,Rojas Zivju Fabrika,3,*
2019,1,12,Ventspils Trubas,1,Tukuma Traktori,2,
2019,1,12,Ventspils Masti,1,Akmens Sirds,3,
2019,1,12,Saldus Saule,2,Madonas Miesnieki,0,
2019,1,13,Ogres Zirgi,0,Jelgavas Cukurbietes,0,*
2019,1,13,Rojas Zivju Fabrika,5,Baisie Bebri,3,
2019,1,13,Cirvja Metode,2,Madlienas Marmors,4,
2019,1,13,Bauskas Pilsdrupas,4,Valmieras Stikls,3,*
2019,1,13,Ventspils Masti,3,Siguldas Alas,4,*
2019,1,13,Koka Roka,3,Kreisie Reisi,2,
2019,1,14,Krustpils Krusti,2,Ogres Zirgi,1,
2019,1,14,Codes Zebiekstes,0,Daugavas Laivas,1,
2019,1,14,Ventas Vistas,1,Auzu Motors,5,
2019,1,14,Lielupes Liedags,3,Gaujas Vanagi,2,*
2019,1,14,Piltenes Panki,3,Blomu Bites,2,
2019,1,14,Koka Roka,1,Madonas Miesnieki,3,
2019,1,15,Pociema Peles,5,Cirvja Metode,2,
2019,1,15,Piltenes Panki,0,Tukuma Traktori,4,
2019,1,15,Jelgavas Cukurbietes,2,Krustpils Krusti,2,*
2019,1,15,Gaujas Vanagi,4,Codes Zebiekstes,1,
2019,1,15,Ventspils Masti,2,Valmieras Stikls,4,
2019,1,15,Auzu Motors,5,Madlienas Marmors,2,
2019,1,15,Rojas Zivju Fabrika,1,Siguldas Alas,3,
2019,1,15,Madonas Miesnieki,2,Akmens Sirds,4,
2019,1,15,Ventspils Trubas,2,Bauskas Pilsdrupas,1,*
2019,1,15,Kreisie Reisi,2,Engures Enkurs,3,
2019,1,16,Saldus Saule,1,Lielupes Liedags,2,
2019,1,16,Daugavas Laivas,3,Pociema Peles,6,
2019,1,16,Baisie Bebri,3,Blomu Bites,3,*
2019,1,17,Saldus Saule,4,Cirvja Metode,3,
2019,1,17,Lielupes Liedags,6,Madlienas Marmors,3,
2019,1,17,Daugavas Laivas,3,Jelgavas Cukurbietes,3,*
2019,1,17,Codes Zebiekstes,1,Auzu Motors,3,
2019,1,17,Akmens Sirds,0,Siguldas Alas,2,
2019,1,17,Ventas Vistas,2,Gaujas Vanagi,5,
2019,1,17,Engures Enkurs,4,Rojas Zivju Fabrika,5,
2019,1,17,Piltenes Panki,5,Bauskas Pilsdrupas,4,*
2019,1,17,Ogres Zirgi,5,Madonas Miesnieki,0,
2019,1,18,Ventas Vistas,2,Pociema Peles,3,
2019,1,18,Akmens Sirds,4,Valmieras Stikls,4,*
2019,1,18,Baisie Bebri,1,Tukuma Traktori,6,
2019,1,18,Ogres Zirgi,3,Kreisie Reisi,5,
2019,1,19,Jelgavas Cukurbietes,4,Daugavas Laivas,3,
2019,1,19,Lielupes Liedags,3,Auzu Motors,1,
2019,1,19,Cirvja Metode,0,Krustpils Krusti,3,
2019,1,19,Rojas Zivju Fabrika,1,Gaujas Vanagi,4,
2019,1,19,Koka Roka,1,Ventspils Masti,3,
2019,1,19,Engures Enkurs,0,Siguldas Alas,0,*
2019,1,19,Tukuma Traktori,0,Blomu Bites,7,
2019,1,19,Baisie Bebri,3,Bauskas Pilsdrupas,3,*
2019,1,19,Ventspils Trubas,1,Madonas Miesnieki,3,
2019,1,20,Pociema Peles,4,Ventas Vistas,1,
2019,1,20,Saldus Saule,1,Codes Zebiekstes,1,*
2019,1,20,Jelgavas Cukurbietes,4,Madlienas Marmors,2,
2019,1,20,Ogres Zirgi,1,Akmens Sirds,2,*
2019,1,20,Ventspils Trubas,5,Kreisie Reisi,2,
2019,1,21,Auzu Motors,3,Daugavas Laivas,3,*
2019,1,21,Cirvja Metode,0,Gaujas Vanagi,4,
2019,1,21,Koka Roka,3,Rojas Zivju Fabrika,0,
2019,1,21,Valmieras Stikls,4,Tukuma Traktori,5,*
2019,1,21,Siguldas Alas,3,Madonas Miesnieki,3,*
2019,1,22,Ogres Zirgi,1,Ventas Vistas,4,
2019,1,22,Ventspils Masti,2,Krustpils Krusti,4,
2019,1,22,Madlienas Marmors,0,Cirvja Metode,2,
2019,1,22,Baisie Bebri,3,Saldus Saule,2,
2019,1,22,Lielupes Liedags,5,Piltenes Panki,5,*
2019,1,22,Jelgavas Cukurbietes,3,Auzu Motors,4,*
2019,1,22,Pociema Peles,4,Koka Roka,1,
2019,1,22,Bauskas Pilsdrupas,3,Blomu Bites,3,*
2019,1,22,Madonas Miesnieki,3,Engures Enkurs,4,*
2019,1,23,Siguldas Alas,2,Kreisie Reisi,3,
2019,1,23,Ventspils Trubas,3,Rojas Zivju Fabrika,2,*
2019,1,23,Engures Enkurs,2,Akmens Sirds,3,
2019,1,23,Codes Zebiekstes,4,Ventspils Masti,4,*
2019,1,23,Valmieras Stikls,2,Bauskas Pilsdrupas,1,
2019,1,24,Tukuma Traktori,4,Jelgavas Cukurbietes,3,*
2019,1,24,Madlienas Marmors,2,Lielupes Liedags,8,
2019,1,24,Pociema Peles,6,Daugavas Laivas,3,
2019,1,24,Krustpils Krusti,2,Ventas Vistas,3,*
2019,1,24,Saldus Saule,3,Piltenes Panki,3,*
2019,1,24,Valmieras Stikls,3,Blomu Bites,2,
2019,1,25,Madlienas Marmors,1,Ogres Zirgi,2,*
2019,1,25,Pociema Peles,4,Ventspils Masti,3,
2019,1,25,Blomu Bites,5,Bauskas Pilsdrupas,4,
2019,1,25,Siguldas Alas,4,Engures Enkurs,3,*
2019,1,26,Koka Roka,4,Saldus Saule,1,
2019,1,26,Tukuma Traktori,1,Lielupes Liedags,2,
2019,1,26,Piltenes Panki,2,Baisie Bebri,4,
2019,1,26,Gaujas Vanagi,3,Auzu Motors,2,*
2019,1,26,Kreisie Reisi,1,Ventspils Trubas,3,
2019,1,26,Cirvja Metode,4,Madonas Miesnieki,2,
2019,1,27,Akmens Sirds,4,Ventas Vistas,2,
2019,1,27,Piltenes Panki,4,Pociema Peles,3,
2019,1,27,Auzu Motors,2,Codes Zebiekstes,4,
2019,1,27,Daugavas Laivas,1,Ventspils Masti,4,
2019,1,27,Kreisie Reisi,6,Valmieras Stikls,2,
2019,1,27,Siguldas Alas,4,Rojas Zivju Fabrika,6,
2019,1,28,Saldus Saule,0,Ogres Zirgi,1,*
2019,1,28,Akmens Sirds,2,Lielupes Liedags,3,
2019,1,28,Gaujas Vanagi,3,Ventas Vistas,4,*
2019,1,28,Tukuma Traktori,1,Baisie Bebri,4,
2019,1,28,Blomu Bites,7,Madlienas Marmors,3,
2019,1,28,Koka Roka,3,Ventspils Trubas,1,
2019,1,28,Engures Enkurs,1,Bauskas Pilsdrupas,4,
2019,1,29,Codes Zebiekstes,2,Krustpils Krusti,2,*
2019,1,29,Ogres Zirgi,0,Jelgavas Cukurbietes,1,
2019,1,29,Pociema Peles,2,Saldus Saule,3,*
2019,1,29,Kreisie Reisi,2,Piltenes Panki,3,
2019,1,29,Gaujas Vanagi,1,Baisie Bebri,3,
2019,1,29,Blomu Bites,1,Auzu Motors,2,*
2019,1,29,Madonas Miesnieki,7,Ventspils Masti,1,
2019,1,29,Daugavas Laivas,1,Madlienas Marmors,2,
2019,1,29,Tukuma Traktori,1,Valmieras Stikls,3,
2019,1,29,Siguldas Alas,0,Koka Roka,4,
2019,1,29,Cirvja Metode,3,Engures Enkurs,2,
2019,1,30,Codes Zebiekstes,0,Lielupes Liedags,2,
2019,1,30,Ventas Vistas,0,Krustpils Krusti,3,
2019,1,30,Rojas Zivju Fabrika,3,Bauskas Pilsdrupas,1,
2019,1,31,Madonas Miesnieki,4,Jelgavas Cukurbietes,2,
2019,1,31,Ventspils Masti,2,Daugavas Laivas,1,*
2019,1,31,Valmieras Stikls,1,Pociema Peles,5,
2019,1,31,Blomu Bites,1,Ventspils Trubas,2,
2019,1,31,Baisie Bebri,3,Akmens Sirds,5,
2019,1,31,Cirvja Metode,2,Kreisie Reisi,5,
2019,2,1,Madonas Miesnieki,2,Ogres Zirgi,2,*
2019,2,1,Jelgavas Cukurbietes,4,Saldus Saule,4,*
2019,2,1,Auzu Motors,2,Ventas Vistas,4,
2019,2,1,Lielupes Liedags,2,Ventspils Masti,3,
2019,2,1,Piltenes Panki,5,Madlienas Marmors,3,
2019,2,1,Koka Roka,5,Tukuma Traktori,4,*
2019,2,1,Bauskas Pilsdrupas,1,Siguldas Alas,2,
2019,2,1,Akmens Sirds,1,Engures Enkurs,0,
2019,2,2,Krustpils Krusti,1,Auzu Motors,3,
2019,2,2,Valmieras Stikls,6,Cirvja Metode,4,
2019,2,2,Gaujas Vanagi,3,Pociema Peles,1,
2019,2,2,Daugavas Laivas,1,Ventspils Trubas,2,*
2019,2,2,Rojas Zivju Fabrika,1,Blomu Bites,4,
2019,2,3,Piltenes Panki,2,Jelgavas Cukurbietes,4,
2019,2,3,Saldus Saule,2,Ogres Zirgi,4,
2019,2,3,Ventas Vistas,1,Lielupes Liedags,2,
2019,2,3,Pociema Peles,6,Daugavas Laivas,3,
2019,2,3,Valmieras Stikls,1,Gaujas Vanagi,4,
2019,2,3,Madonas Miesnieki,3,Codes Zebiekstes,3,*
2019,2,3,Cirvja Metode,2,Ventspils Masti,4,
2019,2,3,Krustpils Krusti,2,Madlienas Marmors,1,
2019,2,3,Rojas Zivju Fabrika,5,Tukuma Traktori,5,*
2019,2,3,Engures Enkurs,3,Siguldas Alas,3,*
2019,2,3,Ventspils Trubas,2,Akmens Sirds,0,
2019,2,3,Koka Roka,5,Bauskas Pilsdrupas,2,
2019,2,3,Baisie Bebri,3,Kreisie Reisi,6,
2019,2,8,Lielupes Liedags,2,Jelgavas Cukurbietes,2,*
2019,2,8,Koka Roka,4,Baisie Bebri,1,
2019,2,8,Blomu Bites,5,Krustpils Krusti,4,
2019,2,8,Ventas Vistas,4,Cirvja Metode,3,*
2019,2,8,Gaujas Vanagi,2,Pociema Peles,2,*
2019,2,8,Engures Enkurs,8,Madlienas Marmors,0,
2019,2,8,Ogres Zirgi,2,Siguldas Alas,0,
2019,2,8,Madonas Miesnieki,5,Kreisie Reisi,3,
2019,2,9,Codes Zebiekstes,4,Piltenes Panki,2,
2019,2,9,Engures Enkurs,1,Auzu Motors,4,
2019,2,9,Pociema Peles,1,Gaujas Vanagi,4,
2019,2,9,Daugavas Laivas,2,Ventspils Masti,5,
2019,2,9,Kreisie Reisi,5,Akmens Sirds,2,
2019,2,9,Ventspils Trubas,5,Madonas Miesnieki,3,
2019,2,9,Tukuma Traktori,3,Bauskas Pilsdrupas,4,*
2019,2,10,Baisie Bebri,2,Koka Roka,0,
2019,2,10,Lielupes Liedags,1,Krustpils Krusti,0,
2019,2,10,Madlienas Marmors,4,Cirvja Metode,5,
2019,2,10,Blomu Bites,3,Codes Zebiekstes,2,
2019,2,10,Ogres Zirgi,2,Valmieras Stikls,1,*
2019,2,10,Tukuma Traktori,2,Siguldas Alas,3,*
2019,2,11,Jelgavas Cukurbietes,2,Pociema Peles,5,
2019,2,11,Auzu Motors,3,Saldus Saule,5,
2019,2,11,Engures Enkurs,3,Daugavas Laivas,0,
2019,2,11,Blomu Bites,2,Ventspils Masti,2,*
2019,2,11,Ventspils Trubas,2,Kreisie Reisi,3,
2019,2,12,Ogres Zirgi,2,Codes Zebiekstes,3,*
2019,2,12,Rojas Zivju Fabrika,4,Daugavas Laivas,3,
2019,2,12,Auzu Motors,5,Jelgavas Cukurbietes,1,
2019,2,12,Saldus Saule,4,Krustpils Krusti,5,*
2019,2,12,Ventspils Masti,1,Cirvja Metode,5,
2019,2,12,Bauskas Pilsdrupas,4,Piltenes Panki,1,
2019,2,12,Ventas Vistas,5,Madlienas Marmors,2,
2019,2,12,Lielupes Liedags,4,Valmieras Stikls,2,
2019,2,12,Madonas Miesnieki,3,Koka Roka,6,
2019,2,12,Tukuma Traktori,3,Akmens Sirds,4,*
2019,2,13,Engures Enkurs,1,Gaujas Vanagi,3,
2019,2,13,Blomu Bites,2,Ogres Zirgi,2,*
2019,2,13,Cirvja Metode,4,Pociema Peles,2,
2019,2,13,Baisie Bebri,4,Siguldas Alas,3,*
2019,2,13,Lielupes Liedags,1,Ventspils Trubas,2,
2019,2,14,Auzu Motors,1,Krustpils Krusti,4,
2019,2,14,Bauskas Pilsdrupas,0,Ventspils Masti,3,
2019,2,14,Ventas Vistas,5,Piltenes Panki,2,
2019,2,14,Madonas Miesnieki,4,Rojas Zivju Fabrika,3,*
2019,2,14,Baisie Bebri,3,Akmens Sirds,1,
2019,2,14,Tukuma Traktori,3,Kreisie Reisi,4,
2019,2,15,Ventas Vistas,1,Saldus Saule,5,
2019,2,15,Siguldas Alas,1,Lielupes Liedags,2,*
2019,2,15,Codes Zebiekstes,2,Gaujas Vanagi,4,
2019,2,15,Engures Enkurs,4,Cirvja Metode,1,
2019,2,15,Pociema Peles,2,Madlienas Marmors,2,*
2019,2,15,Blomu Bites,2,Valmieras Stikls,1,
2019,2,15,Daugavas Laivas,1,Koka Roka,4,
2019,2,16,Krustpils Krusti,5,Daugavas Laivas,1,
2019,2,16,Bauskas Pilsdrupas,2,Baisie Bebri,5,
2019,2,16,Pociema Peles,0,Auzu Motors,3,
2019,2,16,Ogres Zirgi,1,Ventspils Masti,1,*
2019,2,16,Jelgavas Cukurbietes,3,Piltenes Panki,3,*
2019,2,16,Kreisie Reisi,4,Rojas Zivju Fabrika,1,
2019,2,16,Valmieras Stikls,0,Ventspils Trubas,3,
2019,2,16,Tukuma Traktori,5,Madonas Miesnieki,6,
2019,2,17,Bauskas Pilsdrupas,2,Ogres Zirgi,1,*
2019,2,17,Madlienas Marmors,2,Saldus Saule,6,
2019,2,17,Krustpils Krusti,3,Ventas Vistas,0,
2019,2,17,Siguldas Alas,5,Gaujas Vanagi,5,*
2019,2,17,Cirvja Metode,2,Codes Zebiekstes,2,*
2019,2,18,Kreisie Reisi,3,Baisie Bebri,2,*
2019,2,18,Siguldas Alas,4,Pociema Peles,2,
2019,2,18,Akmens Sirds,4,Ventspils Trubas,3,
2019,2,18,Koka Roka,2,Valmieras Stikls,1,*
2019,2,18,Blomu Bites,2,Tukuma Traktori,4,
2019,2,18,Lielupes Liedags,5,Rojas Zivju Fabrika,4,*
2019,2,18,Engures Enkurs,4,Madonas Miesnieki,4,*
2019,2,19,Cirvja Metode,4,Gaujas Vanagi,2,
2019,2,19,Bauskas Pilsdrupas,3,Saldus Saule,1,
2019,2,19,Kreisie Reisi,1,Ogres Zirgi,4,
2019,2,19,Piltenes Panki,1,Krustpils Krusti,2,
2019,2,19,Lielupes Liedags,2,Codes Zebiekstes,4,
2019,2,19,Ventspils Masti,2,Auzu Motors,1,*
2019,2,19,Madlienas Marmors,2,Ventas Vistas,4,
2019,2,19,Tukuma Traktori,3,Blomu Bites,2,
2019,2,20,Ventspils Trubas,2,Siguldas Alas,1,
2019,2,20,Baisie Bebri,4,Rojas Zivju Fabrika,6,
2019,2,20,Codes Zebiekstes,3,Pociema Peles,2,
2019,2,20,Daugavas Laivas,2,Akmens Sirds,4,
2019,2,21,Lielupes Liedags,1,Ventas Vistas,1,*
2019,2,21,Saldus Saule,4,Auzu Motors,2,
2019,2,21,Baisie Bebri,2,Cirvja Metode,0,
2019,2,21,Ventspils Masti,1,Madlienas Marmors,2,*
2019,2,21,Gaujas Vanagi,2,Ogres Zirgi,3,
2019,2,21,Ventspils Trubas,2,Valmieras Stikls,5,
2019,2,21,Kreisie Reisi,3,Blomu Bites,6,
2019,2,21,Koka Roka,4,Madonas Miesnieki,2,
2019,2,21,Jelgavas Cukurbietes,2,Bauskas Pilsdrupas,5,
2019,2,22,Akmens Sirds,0,Krustpils Krusti,1,*
2019,2,22,Ventspils Masti,3,Pociema Peles,4,*
2019,2,22,Rojas Zivju Fabrika,1,Codes Zebiekstes,3,
2019,2,22,Daugavas Laivas,4,Siguldas Alas,3,*
2019,2,23,Auzu Motors,2,Lielupes Liedags,3,
2019,2,23,Ventspils Trubas,5,Baisie Bebri,2,
2019,2,23,Akmens Sirds,3,Piltenes Panki,5,
2019,2,23,Valmieras Stikls,4,Rojas Zivju Fabrika,2,
2019,2,23,Kreisie Reisi,7,Tukuma Traktori,2,
2019,2,23,Jelgavas Cukurbietes,2,Blomu Bites,4,
2019,2,23,Koka Roka,4,Engures Enkurs,1,
2019,2,23,Bauskas Pilsdrupas,4,Madonas Miesnieki,4,*
2019,2,24,Auzu Motors,4,Ventas Vistas,2,
2019,2,24,Gaujas Vanagi,2,Krustpils Krusti,3,
2019,2,24,Ventspils Masti,3,Codes Zebiekstes,4,
2019,2,24,Saldus Saule,4,Madlienas Marmors,5,*
2019,2,25,Pociema Peles,6,Ogres Zirgi,3,
2019,2,25,Jelgavas Cukurbietes,3,Lielupes Liedags,0,
2019,2,25,Cirvja Metode,2,Baisie Bebri,5,
2019,2,25,Piltenes Panki,3,Gaujas Vanagi,1,
2019,2,25,Siguldas Alas,2,Koka Roka,4,
2019,2,25,Rojas Zivju Fabrika,4,Ventspils Trubas,3,
2019,2,25,Akmens Sirds,3,Tukuma Traktori,3,*
2019,2,25,Daugavas Laivas,4,Blomu Bites,5,
2019,2,25,Kreisie Reisi,5,Bauskas Pilsdrupas,2,
2019,2,26,Lielupes Liedags,3,Krustpils Krusti,0,
2019,2,26,Codes Zebiekstes,5,Cirvja Metode,1,
2019,2,26,Pociema Peles,2,Saldus Saule,4,
2019,2,26,Ogres Zirgi,2,Piltenes Panki,5,
2019,2,26,Ventas Vistas,2,Auzu Motors,1,
2019,2,26,Jelgavas Cukurbietes,2,Ventspils Masti,2,*
2019,2,26,Madlienas Marmors,3,Valmieras Stikls,2,*
2019,2,26,Daugavas Laivas,2,Tukuma Traktori,5,
2019,2,26,Kreisie Reisi,3,Engures Enkurs,6,
2019,2,27,Rojas Zivju Fabrika,4,Koka Roka,1,
2019,2,27,Krustpils Krusti,0,Gaujas Vanagi,3,
2019,2,27,Madlienas Marmors,1,Baisie Bebri,3,
2019,2,27,Siguldas Alas,1,Ventspils Trubas,1,*
2019,2,27,Blomu Bites,2,Madonas Miesnieki,3,
2019,2,27,Akmens Sirds,1,Bauskas Pilsdrupas,2,
2019,2,28,Ogres Zirgi,5,Auzu Motors,2,
2019,2,28,Lielupes Liedags,3,Cirvja Metode,2,
2019,2,28,Saldus Saule,1,Ventspils Masti,1,*
2019,2,29,Saldus Saule,5,Jelgavas Cukurbietes,3,
2019,2,29,Piltenes Panki,4,Daugavas Laivas,0,
2019,2,29,Gaujas Vanagi,2,Valmieras Stikls,1,*
2019,2,29,Codes Zebiekstes,2,Koka Roka,3,*
2019,2,29,Blomu Bites,3,Siguldas Alas,1,
2019,2,29,Bauskas Pilsdrupas,1,Kreisie Reisi,1,*
2019,2,29,Madonas Miesnieki,4,Engures Enkurs,2,
2019,3,1,Piltenes Panki,1,Auzu Motors,3,
2019,3,1,Ogres Zirgi,3,Pociema Peles,3,*
2019,3,1,Lielupes Liedags,4,Madlienas Marmors,2,
2019,3,1,Krustpils Krusti,4,Rojas Zivju Fabrika,1,
2019,3,1,Codes Zebiekstes,0,Ventspils Trubas,2,
2019,3,1,Ventspils Masti,2,Tukuma Traktori,8,
2019,3,1,Ventas Vistas,5,Akmens Sirds,7,
2019,3,2,Krustpils Krusti,5,Jelgavas Cukurbietes,2,
2019,3,2,Koka Roka,5,Daugavas Laivas,2,
2019,3,2,Saldus Saule,5,Cirvja Metode,5,*
2019,3,2,Gaujas Vanagi,0,Siguldas Alas,5,
2019,3,2,Madonas Miesnieki,1,Bauskas Pilsdrupas,3,
2019,3,2,Ventas Vistas,5,Kreisie Reisi,2,
2019,3,2,Valmieras Stikls,3,Engures Enkurs,4,
2019,3,3,Baisie Bebri,2,Lielupes Liedags,2,*
2019,3,3,Auzu Motors,2,Pociema Peles,4,
2019,3,3,Madlienas Marmors,1,Rojas Zivju Fabrika,5,
2019,3,3,Ventspils Trubas,4,Akmens Sirds,1,
2019,3,3,Madonas Miesnieki,1,Tukuma Traktori,4,
2019,3,4,Ogres Zirgi,2,Cirvja Metode,4,
2019,3,4,Codes Zebiekstes,3,Jelgavas Cukurbietes,0,
2019,3,4,Daugavas Laivas,2,Saldus Saule,3,*
2019,3,4,Krustpils Krusti,3,Piltenes Panki,4,*
2019,3,4,Koka Roka,1,Auzu Motors,1,*
2019,3,4,Ventspils Masti,3,Blomu Bites,2,
2019,3,4,Madlienas Marmors,1,Siguldas Alas,4,
2019,3,4,Gaujas Vanagi,2,Bauskas Pilsdrupas,4,
2019,3,4,Valmieras Stikls,2,Kreisie Reisi,3,*
2019,3,4,Ventas Vistas,5,Engures Enkurs,2,
2019,3,5,Ogres Zirgi,1,Lielupes Liedags,2,
2019,3,5,Akmens Sirds,3,Rojas Zivju Fabrika,7,
2019,3,5,Cirvja Metode,4,Codes Zebiekstes,3,
2019,3,5,Gaujas Vanagi,2,Tukuma Traktori,2,*
2019,3,5,Baisie Bebri,5,Ventspils Trubas,3,
2019,3,5,Valmieras Stikls,0,Madonas Miesnieki,1,*
2019,3,6,Saldus Saule,5,Jelgavas Cukurbietes,1,
2019,3,6,Daugavas Laivas,2,Krustpils Krusti,3,
2019,3,6,Piltenes Panki,6,Bauskas Pilsdrupas,5,*
2019,3,6,Pociema Peles,1,Engures Enkurs,2,*
2019,3,7,Auzu Motors,2,Lielupes Liedags,4,
2019,3,7,Rojas Zivju Fabrika,1,Valmieras Stikls,3,
2019,3,7,Akmens Sirds,0,Koka Roka,4,
2019,3,7,Siguldas Alas,8,Tukuma Traktori,3,
2019,3,7,Piltenes Panki,2,Blomu Bites,0,
2019,3,7,Baisie Bebri,3,Kreisie Reisi,1,
2019,3,8,Jelgavas Cukurbietes,1,Ogres Zirgi,2,*
2019,3,8,Rojas Zivju Fabrika,1,Ventas Vistas,4,
2019,3,8,Krustpils Krusti,3,Ventspils Masti,0,
2019,3,8,Codes Zebiekstes,3,Madlienas Marmors,2,*
2019,3,8,Bauskas Pilsdrupas,3,Ventspils Trubas,3,*
2019,3,8,Pociema Peles,4,Madonas Miesnieki,3,*
2019,3,8,Baisie Bebri,1,Engures Enkurs,1,*
2019,3,9,Ventspils Masti,0,Saldus Saule,7,
2019,3,9,Lielupes Liedags,1,Codes Zebiekstes,3,
2019,3,9,Bauskas Pilsdrupas,2,Koka Roka,2,*
2019,3,9,Piltenes Panki,6,Tukuma Traktori,2,
2019,3,9,Cirvja Metode,0,Akmens Sirds,5,
2019,3,9,Pociema Peles,1,Kreisie Reisi,3,
2019,3,10,Krustpils Krusti,3,Ogres Zirgi,2,*
2019,3,10,Gaujas Vanagi,9,Daugavas Laivas,0,
2019,3,10,Jelgavas Cukurbietes,5,Ventas Vistas,3,
2019,3,10,Auzu Motors,4,Madlienas Marmors,3,
2019,3,10,Baisie Bebri,3,Valmieras Stikls,1,
2019,3,10,Cirvja Metode,4,Ventspils Trubas,3,
2019,3,10,Siguldas Alas,4,Blomu Bites,2,
2019,3,11,Madonas Miesnieki,1,Koka Roka,1,*
2019,3,11,Jelgavas Cukurbietes,5,Krustpils Krusti,3,
2019,3,11,Piltenes Panki,4,Saldus Saule,2,
2019,3,11,Gaujas Vanagi,2,Lielupes Liedags,4,
2019,3,11,Rojas Zivju Fabrika,5,Auzu Motors,2,
2019,3,11,Pociema Peles,1,Ventspils Masti,3,
2019,3,11,Bauskas Pilsdrupas,0,Akmens Sirds,5,
2019,3,11,Tukuma Traktori,1,Kreisie Reisi,3,
2019,3,12,Daugavas Laivas,1,Ventas Vistas,5,
2019,3,12,Cirvja Metode,2,Ogres Zirgi,4,
2019,3,12,Koka Roka,2,Ventspils Trubas,4,
2019,3,12,Blomu Bites,3,Valmieras Stikls,4,
2019,3,12,Rojas Zivju Fabrika,4,Madlienas Marmors,1,
2019,3,12,Codes Zebiekstes,1,Siguldas Alas,3,
2019,3,13,Blomu Bites,3,Daugavas Laivas,0,
2019,3,13,Ventspils Trubas,4,Pociema Peles,3,*
2019,3,13,Gaujas Vanagi,3,Ventspils Masti,2,
2019,3,13,Codes Zebiekstes,4,Akmens Sirds,1,
2019,3,13,Bauskas Pilsdrupas,2,Kreisie Reisi,3,
2019,3,13,Tukuma Traktori,3,Engures Enkurs,5,
2019,3,14,Valmieras Stikls,2,Baisie Bebri,3,
2019,3,14,Madlienas Marmors,4,Krustpils Krusti,3,*
2019,3,14,Madonas Miesnieki,2,Siguldas Alas,4,
2019,3,15,Ventspils Trubas,3,Gaujas Vanagi,2,
2019,3,15,Cirvja Metode,3,Lielupes Liedags,4,
2019,3,15,Blomu Bites,2,Ventas Vistas,2,*
2019,3,15,Madlienas Marmors,4,Pociema Peles,4,*
2019,3,15,Rojas Zivju Fabrika,5,Piltenes Panki,2,
2019,3,15,Saldus Saule,3,Tukuma Traktori,1,
2019,3,15,Koka Roka,5,Akmens Sirds,3,
2019,3,15,Kreisie Reisi,2,Madonas Miesnieki,2,*
2019,3,15,Ogres Zirgi,5,Engures Enkurs,6,
2019,3,16,Cirvja Metode,1,Daugavas Laivas,0,*
2019,3,16,Piltenes Panki,4,Baisie Bebri,3,*
2019,3,16,Krustpils Krusti,0,Codes Zebiekstes,0,*
2019,3,16,Auzu Motors,1,Ventspils Masti,0,
2019,3,16,Jelgavas Cukurbietes,4,Rojas Zivju Fabrika,2,
2019,3,16,Valmieras Stikls,2,Siguldas Alas,2,*
2019,3,16,Ogres Zirgi,3,Bauskas Pilsdrupas,6,
2019,3,17,Ventas Vistas,2,Lielupes Liedags,4,
2019,3,17,Madlienas Marmors,3,Gaujas Vanagi,1,
2019,3,17,Koka Roka,4,Kreisie Reisi,0,
2019,3,17,Saldus Saule,2,Blomu Bites,4,
2019,3,17,Valmieras Stikls,4,Akmens Sirds,3,*
2019,3,17,Engures Enkurs,2,Madonas Miesnieki,4,
2019,3,18,Baisie Bebri,4,Siguldas Alas,3,
2019,3,18,Ventspils Masti,2,Jelgavas Cukurbietes,3,
2019,3,18,Ventspils Trubas,2,Rojas Zivju Fabrika,2,*
2019,3,18,Pociema Peles,3,Codes Zebiekstes,2,
2019,3,18,Ventas Vistas,2,Krustpils Krusti,3,
2019,3,18,Auzu Motors,4,Cirvja Metode,2,
2019,3,18,Daugavas Laivas,4,Piltenes Panki,1,
2019,3,18,Ogres Zirgi,5,Tukuma Traktori,1,
2019,3,18,Saldus Saule,1,Bauskas Pilsdrupas,6,
2019,3,19,Jelgavas Cukurbietes,2,Codes Zebiekstes,6,
2019,3,19,Madlienas Marmors,2,Lielupes Liedags,5,
2019,3,19,Engures Enkurs,3,Ventspils Trubas,5,
2019,3,19,Auzu Motors,2,Gaujas Vanagi,5,
2019,3,19,Baisie Bebri,1,Madonas Miesnieki,3,
2019,3,19,Tukuma Traktori,3,Blomu Bites,2,*
2019,3,19,Valmieras Stikls,2,Kreisie Reisi,1,
2019,3,19,Pociema Peles,4,Ventspils Masti,5,
2019,3,20,Krustpils Krusti,1,Ogres Zirgi,4,
2019,3,20,Lielupes Liedags,1,Koka Roka,2,
2019,3,20,Bauskas Pilsdrupas,3,Siguldas Alas,2,
2019,3,21,Madlienas Marmors,0,Jelgavas Cukurbietes,4,
2019,3,21,Daugavas Laivas,1,Saldus Saule,7,
2019,3,21,Ventas Vistas,5,Gaujas Vanagi,0,
2019,3,21,Ventspils Masti,8,Cirvja Metode,2,
2019,3,21,Auzu Motors,4,Pociema Peles,3,*
2019,3,21,Codes Zebiekstes,2,Valmieras Stikls,0,
2019,3,21,Rojas Zivju Fabrika,3,Akmens Sirds,0,
2019,3,21,Madonas Miesnieki,5,Kreisie Reisi,2,
2019,3,22,Koka Roka,2,Ventas Vistas,1,
2019,3,22,Krustpils Krusti,1,Daugavas Laivas,1,*
2019,3,22,Tukuma Traktori,2,Baisie Bebri,2,*
2019,3,22,Cirvja Metode,5,Piltenes Panki,2,
2019,3,22,Madonas Miesnieki,1,Blomu Bites,2,
2019,3,22,Bauskas Pilsdrupas,3,Engures Enkurs,4,
2019,3,23,Auzu Motors,3,Jelgavas Cukurbietes,1,
2019,3,23,Tukuma Traktori,2,Ogres Zirgi,4,
2019,3,23,Piltenes Panki,2,Saldus Saule,3,
2019,3,23,Kreisie Reisi,3,Codes Zebiekstes,2,
2019,3,23,Lielupes Liedags,4,Pociema Peles,1,
2019,3,23,Baisie Bebri,6,Valmieras Stikls,3,
2019,3,23,Siguldas Alas,4,Akmens Sirds,2,
2019,3,24,Ventspils Masti,5,Daugavas Laivas,3,
2019,3,24,Gaujas Vanagi,8,Cirvja Metode,2,
2019,3,24,Koka Roka,5,Madlienas Marmors,1,
2019,3,24,Rojas Zivju Fabrika,1,Ventspils Trubas,5,
2019,3,24,Madonas Miesnieki,1,Bauskas Pilsdrupas,8,
2019,3,24,Akmens Sirds,1,Engures Enkurs,5,
2019,3,25,Kreisie Reisi,4,Jelgavas Cukurbietes,4,*
2019,3,25,Lielupes Liedags,4,Saldus Saule,3,*
2019,3,25,Gaujas Vanagi,3,Piltenes Panki,5,
2019,3,25,Krustpils Krusti,2,Auzu Motors,4,
2019,3,25,Tukuma Traktori,2,Valmieras Stikls,1,
2019,3,25,Bauskas Pilsdrupas,3,Blomu Bites,2,*
2019,3,26,Koka Roka,1,Rojas Zivju Fabrika,1,*
2019,3,26,Siguldas Alas,2,Ventspils Trubas,1,*
2019,3,26,Pociema Peles,2,Baisie Bebri,8,
2019,3,26,Ventspils Masti,1,Codes Zebiekstes,3,
2019,3,26,Cirvja Metode,1,Ventas Vistas,4,
2019,3,26,Krustpils Krusti,3,Madlienas Marmors,1,
2019,3,26,Kreisie Reisi,4,Daugavas Laivas,1,
2019,3,26,Akmens Sirds,3,Madonas Miesnieki,4,
2019,3,27,Ogres Zirgi,5,Ventas Vistas,1,
2019,3,27,Baisie Bebri,6,Pociema Peles,0,
2019,3,27,Rojas Zivju Fabrika,1,Siguldas Alas,3,
2019,3,27,Blomu Bites,2,Engures Enkurs,1,*
2019,3,28,Daugavas Laivas,2,Lielupes Liedags,5,
2019,3,28,Codes Zebiekstes,2,Saldus Saule,5,
2019,3,28,Gaujas Vanagi,2,Ventspils Masti,3,
2019,3,28,Ventspils Trubas,4,Madlienas Marmors,2,
2019,3,28,Cirvja Metode,2,Valmieras Stikls,3,*
2019,3,29,Ventspils Trubas,4,Auzu Motors,1,
2019,3,29,Akmens Sirds,3,Daugavas Laivas,2,
2019,3,29,Valmieras Stikls,1,Ventas Vistas,3,
2019,3,29,Bauskas Pilsdrupas,3,Baisie Bebri,6,
2019,3,29,Jelgavas Cukurbietes,3,Krustpils Krusti,4,
2019,3,29,Piltenes Panki,3,Koka Roka,2,*
2019,3,29,Blomu Bites,2,Siguldas Alas,3,
2019,3,29,Engures Enkurs,1,Kreisie Reisi,1,*
2019,3,30,Ventspils Masti,4,Lielupes Liedags,3,
2019,3,30,Koka Roka,3,Jelgavas Cukurbietes,2,
2019,3,30,Saldus Saule,3,Madlienas Marmors,6,
2019,3,30,Piltenes Panki,0,Rojas Zivju Fabrika,4,
2019,3,31,Ventas Vistas,3,Ogres Zirgi,1,
2019,3,31,Saldus Saule,1,Auzu Motors,3,
2019,3,31,Daugavas Laivas,0,Gaujas Vanagi,6,
2019,3,31,Bauskas Pilsdrupas,1,Valmieras Stikls,2,
2019,3,31,Akmens Sirds,3,Tukuma Traktori,1,
2019,4,1,Pociema Peles,2,Jelgavas Cukurbietes,2,*
2019,4,1,Codes Zebiekstes,3,Ventspils Masti,2,*
2019,4,1,Baisie Bebri,0,Koka Roka,0,*
2019,4,1,Rojas Zivju Fabrika,2,Cirvja Metode,2,*
2019,4,1,Madonas Miesnieki,1,Kreisie Reisi,2,
2019,4,1,Ogres Zirgi,2,Krustpils Krusti,0,
2019,4,1,Piltenes Panki,4,Lielupes Liedags,3,
2019,4,1,Madlienas Marmors,3,Auzu Motors,3,*
2019,4,1,Engures Enkurs,0,Tukuma Traktori,3,
2019,4,1,Akmens Sirds,3,Blomu Bites,4,
2019,4,2,Codes Zebiekstes,0,Ventas Vistas,1,
2019,4,2,Ventspils Trubas,2,Siguldas Alas,3,
2019,4,2,Saldus Saule,1,Koka Roka,4,
2019,4,2,Cirvja Metode,4,Daugavas Laivas,5,*
2019,4,2,Bauskas Pilsdrupas,3,Rojas Zivju Fabrika,2,
2019,4,2,Gaujas Vanagi,4,Madlienas Marmors,1,
2019,4,2,Krustpils Krusti,5,Baisie Bebri,6,
2019,4,3,Piltenes Panki,2,Ogres Zirgi,3,
2019,4,3,Gaujas Vanagi,2,Auzu Motors,5,
2019,4,3,Ventas Vistas,2,Ventspils Masti,3,
2019,4,3,Pociema Peles,1,Lielupes Liedags,4,
2019,4,3,Tukuma Traktori,2,Ventspils Trubas,2,*
2019,4,3,Engures Enkurs,1,Blomu Bites,0,
2019,4,3,Valmieras Stikls,1,Madonas Miesnieki,3,
2019,4,3,Kreisie Reisi,1,Akmens Sirds,2,
2019,4,4,Lielupes Liedags,0,Saldus Saule,4,
2019,4,4,Codes Zebiekstes,5,Daugavas Laivas,3,
2019,4,4,Jelgavas Cukurbietes,4,Madlienas Marmors,5,
2019,4,5,Jelgavas Cukurbietes,3,Auzu Motors,6,
2019,4,5,Krustpils Krusti,3,Pociema Peles,0,
2019,4,5,Ventspils Masti,4,Piltenes Panki,2,
2019,4,5,Tukuma Traktori,5,Koka Roka,6,
2019,4,5,Madonas Miesnieki,2,Rojas Zivju Fabrika,5,
2019,4,5,Siguldas Alas,3,Blomu Bites,2,*
2019,4,5,Valmieras Stikls,2,Akmens Sirds,3,*
2019,4,5,Ventspils Trubas,2,Engures Enkurs,5,
2019,4,5,Kreisie Reisi,1,Bauskas Pilsdrupas,1,*
2019,4,6,Cirvja Metode,2,Saldus Saule,1,*
2019,4,6,Madlienas Marmors,1,Krustpils Krusti,5,
2019,4,6,Ogres Zirgi,5,Gaujas Vanagi,0,
2019,4,6,Daugavas Laivas,1,Codes Zebiekstes,3,
2019,4,7,Ventspils Masti,2,Ogres Zirgi,1,*
2019,4,7,Lielupes Liedags,4,Baisie Bebri,2,
2019,4,7,Piltenes Panki,2,Cirvja Metode,1,
2019,4,7,Rojas Zivju Fabrika,4,Koka Roka,3,
2019,4,7,Madonas Miesnieki,5,Valmieras Stikls,1,
2019,4,7,Siguldas Alas,3,Tukuma Traktori,1,
2019,4,7,Engures Enkurs,3,Akmens Sirds,1,
2019,4,7,Blomu Bites,5,Bauskas Pilsdrupas,4,
2019,4,7,Ventspils Trubas,2,Kreisie Reisi,3,
2019,4,8,Auzu Motors,1,Gaujas Vanagi,2,*
2019,4,8,Jelgavas Cukurbietes,0,Codes Zebiekstes,3,
2019,4,8,Ventas Vistas,4,Daugavas Laivas,3,*
2019,4,8,Saldus Saule,3,Krustpils Krusti,1,
2019,4,8,Madlienas Marmors,2,Piltenes Panki,4,
2019,4,8,Blomu Bites,6,Tukuma Traktori,3,
2019,4,9,Auzu Motors,2,Cirvja Metode,3,
2019,4,9,Codes Zebiekstes,4,Pociema Peles,1,
2019,4,9,Ogres Zirgi,1,Lielupes Liedags,1,*
2019,4,9,Daugavas Laivas,1,Ventas Vistas,2,
2019,4,9,Baisie Bebri,2,Siguldas Alas,3,
2019,4,9,Kreisie Reisi,4,Madonas Miesnieki,3,
2019,4,9,Koka Roka,1,Rojas Zivju Fabrika,3,
2019,4,9,Akmens Sirds,2,Ventspils Trubas,2,*
2019,4,9,Ventspils Masti,1,Jelgavas Cukurbietes,3,
2019,4,9,Madlienas Marmors,2,Saldus Saule,5,
2019,4,9,Bauskas Pilsdrupas,5,Engures Enkurs,2,
